country,year,gdp per capita (current us$),gdp (current us$),"inflation, consumer prices (annual %)",poverty headcount ratio at $6.85 a day (2017 ppp) (% of population),renewable energy consumption (% of total final energy consumption),"pm2.5 air pollution, mean annual exposure (micrograms per cubic meter)",total greenhouse gas emissions excluding lulucf per capita (t co2e/capita),"energy use (kg of oil equivalent) per $1,000 gdp (constant 2021 ppp)"
ABW,2024,33984.7906198041,3648573136.15155,4.25746204335428,,8.8,,5.23011577976695,
AFE,2024,1659.51529015376,1245472471675.95,7.12697482131851,,66.1234486957514,26.7556863585895,1.95897220102412,136.911837024892
AFG,2024,415.707417059086,17233051620.1117,-6.60118564073726,,20.0,46.0870936659706,0.710656611914853,
AFW,2024,1568.72431045118,799105950273.831,5.22116801323998,,76.1028186880091,54.8918200968729,1.77866236688771,69.6983689170864
AGO,2024,2308.15976731274,84824654481.7249,28.2404948915772,78.0,52.9,25.1452381976267,1.84220335148612,57.1981472028691
ALB,2024,8575.17113446213,23547179830.4413,2.21448953273294,13.7,41.9,15.7070036417042,2.79452958733738,45.6225775826455
ARB,2024,7292.21040780618,3512421040998.19,3.64216403030709,,5.13858498417462,39.7132146879838,6.52734519572524,105.144649928558
ARE,2024,49040.6947525825,514130432653.081,1.62670837213248,0.4,1.0,36.3055030826594,25.5465052537017,121.040695840148
ARG,2024,14187.4827252965,646075277525.125,,10.9,9.2,14.9081737974407,8.03024682399366,65.4770842308897
ARM,2024,8053.01066312345,24085749592.3359,0.269511978259125,51.3,9.1,30.5796334750125,3.62309003978735,75.3425649830028
ASM,2024,18017.4589383973,871000000.0,,,0.4,6.71514739512663,0.178868289808716,
ATG,2024,21787.1017315914,2033085185.18518,5.06713865364213,,0.9,19.6982695582914,4.16434480689271,
AUS,2024,64820.9117890026,1728057316695.61,3.1616142830575,1.0,12.3,8.25171746070811,21.4502012607549,83.9914183960255
AUT,2024,56033.573792065,511685203845.001,2.93791574279383,1.1,36.0,10.9335136815146,7.9854805661252,51.6309286739462
AZE,2024,7125.90858368611,72356176470.5882,2.21217188919901,,1.3,21.7269999756599,6.16018896276703,81.720294751095
BDI,2024,193.007145564804,2642161668.85211,20.2124925027847,96.8,83.0,29.6541345084659,0.514929379923956,
BEL,2024,54700.9093236712,644782756682.756,3.14349136500041,0.2,11.7,11.2160664677018,9.02404198101654,63.5185969154762
BEN,2024,1394.37330217623,19676049075.7011,2.73102465280233,81.4,54.5,51.0478241974862,1.18343560082131,104.734077661966
BFA,2024,882.689810086163,20324617844.5265,4.19113446375394,88.1,71.4,58.4706762025055,1.49644468008375,126.894696088005
BGD,2024,2551.01772674142,437415331040.994,10.4657482763412,74.1,25.0,42.3813762359965,1.64101848408256,37.6663518214095
BGR,2024,15885.5391311331,102407653020.606,2.44651943006079,5.8,20.4,17.1474236131426,8.27914452836815,91.509754753385
BHR,2024,29218.8605634137,46079867021.2766,0.919635459817651,,0.0,58.4950629834781,40.4131360970008,0.0
BHS,2024,35896.50510715,14338500000.0,3.05291578969743,,1.1,18.9393918728687,5.13293611055478,
BIH,2024,8638.66620201187,27514782476.0406,1.69212733599724,5.8,36.6,26.6019532713554,9.22992973787414,117.664107445821
BLR,2024,7829.05313660622,71857382745.6066,5.78531910428,1.3,8.2,14.6089903841381,9.18226886945706,107.865704698791
BLZ,2024,7459.99815132837,3066850000.0,3.28955985952768,,30.8,28.6518070195516,2.23859539875361,
BMU,2024,125841.602522489,8141700000.0,,,0.9,7.33600052500811,5.85489505085165,
BOL,2024,3686.27996490544,45135398008.8166,5.09976568317427,15.2,12.8,22.879459074231,4.50710416289106,82.4537640795827
BRA,2024,10294.866680778,2173665655937.27,4.36746407652337,23.5,46.5,12.1793252040724,6.1578308749706,77.6772783818259
BRB,2024,23804.0249914995,6720733200.0,9.79207077126447,,5.5,23.7309657842996,3.50291850844384,
BRN,2024,32962.9065121916,15128292980.8638,-0.388674165036461,,0.0,7.59726503432135,26.4907429801568,124.899459202719
BTN,2024,3711.32767902157,2898227743.13545,2.76131569624098,8.4,82.5,23.9456576369223,4.13906674211741,
BWA,2024,7820.23240375076,19396084498.0084,2.81835131676251,63.5,27.4,18.9057549925814,5.12562473692104,62.4807601241014
CAF,2024,495.978897153068,2555492085.24831,2.97913852618937,96.2,90.9,34.4334184466457,2.42654860695584,
CAN,2024,53431.1857063879,2142470914401.36,2.38158383281173,0.7,23.8,6.56566994375263,18.6463777865303,130.757041912295
CEB,2024,22637.7950110942,2267760561102.28,9.44284140088564,,19.6856532373123,15.7529957032861,8.28714530913082,64.4215920847944
CHE,2024,99564.710026145,884940402230.409,1.06234041976595,0.1,27.7,9.06104968621636,4.88815767341768,30.7661823516395
CHL,2024,17067.8136150601,335533331669.219,4.29763891572524,4.7,24.2,23.2750668049145,6.1785502548854,66.5098073865757
CHN,2024,12614.0617416421,17794783039552.0,0.218128938439177,17.0,15.2,34.8105237153218,11.302100786129,128.051083939699
CIV,2024,2530.84659301723,78875489245.0538,3.46637314660165,76.4,58.2,49.4977827339493,1.03267526489256,75.3450335394679
CMR,2024,1736.86091073524,49279410982.826,7.38281384280984,76.0,79.2,39.8126251004519,1.38785586292902,79.3006994432934
COD,2024,627.502181690836,66383287002.9867,2.88585107289988,97.7,96.3,26.6494833206385,0.530352988609074,282.143532430161
COG,2024,2477.97845544866,15321055822.5167,4.30174563591016,83.5,71.4,28.5737499496554,3.83348550070072,101.140264670976
COL,2024,6947.35928681966,363493841244.303,6.60908593728228,34.8,29.7,14.1832514905064,4.28061293451643,42.6146656228197
COM,2024,1590.31237688317,1352380971.24055,-4.29487331536736,68.6,39.3,11.9332724091044,0.895827429158724,
CPV,2024,4850.98415849643,2533819406.4916,3.72437517668748,50.9,21.8,42.3225220905558,2.35770038538781,
CRI,2024,16942.0268119375,86497941439.0174,-0.41345934225229,12.7,34.2,14.3075712471404,3.22554487540459,37.2203723420954
CSS,2024,16906.5672140942,53296161046.3074,4.22769324983409,,10.7807413376309,24.525803854418,5.51986839208551,
CUB,2024,9605.26125067263,107351800000.0,,,20.9,21.2367242811561,3.57536721418673,
CYM,2024,97749.5078960846,7139428557.71423,-0.62525835861814,,0.0,,5.34105534105534,
CYP,2024,36551.41796875,33886930712.3394,1.80023018624815,0.1,15.6,13.508701890821,7.67649385565244,47.5055867231623
CZE,2024,31591.1770732969,343207874553.734,2.43531202435314,0.3,17.2,14.1110711384133,10.5336853447363,74.2303663312969
DEU,2024,54343.2265084958,4525703903627.53,2.2564981433876,0.5,17.6,10.2876894329414,8.18696325648415,46.6666796421588
DJI,2024,3554.83918868372,4098530513.55777,1.49506816515088,78.5,26.9,35.9243304831101,1.84952608279327,
DMA,2024,9832.99643050057,653992592.592593,4.22769324983409,,8.9,20.6672998234563,2.20869042249286,
DNK,2024,68453.8769281145,407091920305.404,1.37220049768918,0.3,39.5,9.06983927345931,7.03410755627421,34.7513044369561
DOM,2024,10717.6276712204,121444279313.931,3.30223338951227,21.5,14.8,19.8267440369685,4.27103240459031,41.7653395811355
DZA,2024,5364.02795022731,247626161016.414,4.04611455313434,36.3,0.1,25.5526558310447,5.56257867158979,101.496805828942
EAP,2024,9900.61356517593,21162836277192.4,5.88585897042164,,16.1032550340587,30.4014002906163,8.92995740723374,115.785787844641
EAR,2024,4256.78414448262,14945896099125.4,5.88289680163219,,25.039700621241,37.4158024833557,3.67536533804961,84.2611859355228
EAS,2024,12908.6377076783,30780176881541.3,4.24579935926737,27.4,14.7357084471391,28.8820060378253,9.13908008690128,106.234366635457
ECA,2024,8548.0103775697,2129704371516.14,9.07365149809048,,10.0828079236402,22.0578951970156,7.23726217630494,86.1651845940837
ECS,2024,29789.15402951,27554069781140.1,7.44687717385838,8.2,15.1438025767545,14.3062897935361,8.86361733861466,69.967557030752
ECU,2024,6609.80408154957,118844826000.0,1.54732515615369,29.6,18.9,16.6570210758922,4.09367409483037,63.431745431689
EGY,2024,3457.45691570455,396002496996.96,33.8847763115546,68.8,6.1,54.8587056496436,2.93330192073093,55.0337289117132
EMU,2024,45130.1240539874,15780686672317.3,5.78431554960862,,19.8558785087338,11.0045270022193,6.95643069449076,50.2454078279103
ERI,2024,688.68165957684,2065001626.01626,,,80.7,32.3515206386852,1.8446918069727,
ESP,2024,33509.0127982139,1620090734956.89,2.77417826534772,1.9,19.0,9.58105460690675,5.90271430554082,48.5139669014362
EST,2024,30133.304450454,41291245222.1948,3.52056053296586,0.7,38.0,6.14573290973003,10.4824832188317,69.0765756109145
ETH,2024,1272.01628209211,163697927593.982,30.2188278135278,90.9,90.6,27.3053276470482,1.32125001511364,142.312432418897
EUU,2024,41422.7999680879,18590720056635.3,6.29942487419125,,21.121106310957,11.8470048713667,7.17862229057197,51.9450775008781
FCS,2024,1830.33271759402,1937937125126.32,5.88585897042164,79.7,61.3326504303219,38.1474819052194,2.16676425130671,103.677970623406
FIN,2024,52925.6897638424,295532341254.907,1.56568906231616,0.1,50.2,4.89518090216668,7.78191128046274,103.823360824209
FJI,2024,5888.73668639357,5442046565.04719,2.14817440623896,52.6,28.4,12.4187981716598,3.68015841669868,
FRA,2024,44690.9345395117,3051831611384.76,1.99904942291463,0.5,16.2,9.60038144780495,5.64554528123139,58.0983972248434
FRO,2024,71717.7042204698,3907323961.33964,,,7.9,,0.930582577732095,
FSM,2024,4084.16940424398,460000000.0,5.40874375479067,74.9,2.0,12.1144203347628,0.436828553671313,
GAB,2024,7802.83659565049,19388402541.6698,1.17311998381218,31.2,91.3,29.9548734558765,8.61324643661897,112.326656013896
GBR,2024,49463.8554617343,3380854520809.54,3.2715729463592,0.7,12.2,9.91288560282114,5.549650329188,40.9118006904249
GEO,2024,8283.66960242964,30777833585.4441,1.10971758022096,47.7,25.2,17.0438421058507,5.12697810755694,73.621335728287
GHA,2024,2260.28741289427,76370396722.154,22.8483281157842,78.5,39.0,54.2427873097724,1.42849600007861,53.3756475830624
GIN,2024,1541.04050914957,22199409741.2578,8.12313914948596,86.8,66.6,43.7674450148382,1.98776603439749,
GMB,2024,888.157407724123,2396111021.64149,16.9742129632327,80.6,47.7,58.3640402179659,0.700114350527921,
GNB,2024,951.242748289294,2048348108.35852,9.39383877456591,89.1,87.4,50.2127655060307,1.39202420055551,
GNQ,2024,6677.793435386,12337550583.754,4.78671704710803,,4.2,35.3790521811967,3.77911492469212,75.8254624691936
GRC,2024,23400.7278817691,243498333237.802,2.74149045788606,2.9,21.5,14.4089280374361,6.65661565689512,50.7062870984833
GRD,2024,11246.3451228921,1316733333.33333,2.69612269814564,13.8,10.0,24.6572416056476,1.71163553437364,
GRL,2024,57116.295770722,3235809504.29871,,,11.7,6.55624754182179,11.3831003253319,
GTM,2024,5762.82174615918,104450210572.012,2.86919482222022,55.4,62.1,21.6357355920496,2.4265651367477,73.0549403392902
GUM,2024,41833.1517132825,6910000000.0,,,6.7,9.57510553293178,0.092489159549806,
GUY,2024,20765.3503593109,17159509565.4676,2.90395226446373,,12.1,25.460668047299,9.9122287932639,
HKG,2024,50531.7385421945,380812234827.832,1.72972119105914,,0.4,,5.33005135282175,24.4608795553018
HND,2024,3231.65724461936,34400509852.0436,4.60621098127107,49.5,45.9,20.3136833896573,2.15316306447126,90.2536928494052
HPC,2024,1231.81257022963,1129946910802.31,7.12697482131851,,75.9082587937648,36.1629038373708,1.44035328980389,126.387606652261
HRV,2024,21865.4562838641,84393795502.4421,7.9412817758683,1.8,34.1,16.1208592960264,6.48070853432119,54.0574474511563
HTI,2024,1705.77905452248,19850829757.5418,36.8135162780854,85.8,76.7,21.3502554448061,1.17354412042967,123.874407596837
HUN,2024,22141.8669799276,212388906458.724,3.70370370370369,2.2,15.3,14.1364995764273,6.35171169533201,62.0180378974452
IBD,2024,7832.14975609303,38789302232983.5,5.97802515541409,,17.9072627124639,32.9526439935056,6.8522422249301,102.269341832808
IBT,2024,6075.12299337435,41669008262158.8,6.09852132676211,,23.4476328333485,34.5311571146819,5.43419698878334,100.939532004194
IDA,2024,1510.984396965,2880514996348.02,6.66325180347457,83.3,64.6604716333897,38.8427428754426,1.72992986654974,87.1797531759274
IDB,2024,1687.28133682938,1068437562493.42,4.47720868651284,,61.8135119432936,44.0940037406448,2.14656821236638,83.6145819009316
IDN,2024,4876.31432703188,1371171152331.16,3.67013142377007,61.8,20.2,17.8814994983985,4.26828661767772,70.1780068305358
IDX,2024,1424.84597936669,1814046621127.36,7.11475951738199,,67.3068700263257,36.2034392023377,1.52052811397164,89.9578014014731
IND,2024,2480.79208721621,3567551674623.01,4.95303550973656,81.8,34.9,48.3948115195574,2.87437715914272,83.3549988912735
IRL,2024,103887.800388081,551394889339.778,2.11344999577317,0.3,12.7,8.17058601306707,10.9000866681739,21.2897399483781
IRN,2024,4465.63766994952,404625655204.619,44.5791857572797,21.9,0.9,32.2873733599003,11.0006282288081,213.035780996849
IRQ,2024,5565.12644647176,250842782139.464,4.35835351089586,24.7,1.1,38.1750699787954,8.04864013880803,105.392187334788
ISL,2024,79636.9548578508,31325116556.3807,5.85683849970066,0.0,82.4,5.10554827500189,10.6061029772543,237.411059441327
ISR,2024,52642.4267486308,513611100815.691,3.07052614744924,3.5,6.2,18.5982756348314,8.15634544820942,50.8604800163511
ITA,2024,39003.3160954123,2300941152991.81,0.982373023061417,1.7,17.5,14.6586386239905,6.34178949451613,44.0329365283216
JAM,2024,6839.72503886968,19423355409.2316,5.41194447981659,13.9,10.5,17.413637041591,2.87447716130723,96.1948720779209
JOR,2024,4455.50540514568,50967475352.1127,2.08486986327134,8.2,11.5,28.7737639174179,2.9204544053861,81.4006754945631
JPN,2024,33766.5268253808,4204494802431.55,2.73853681635241,1.4,8.8,12.835201662985,8.36043051270653,66.2230279384177
KAZ,2024,12918.8661346014,262641892078.524,4.85655589318192,10.6,2.0,20.0278724259165,15.7574206211636,106.317500869588
KEN,2024,1952.30457929636,108038588970.595,4.48978854243448,91.3,67.7,24.3917906517518,1.95118983260324,95.6830512332733
KGZ,2024,1970.15780961839,13987627908.8381,10.7532770416742,60.1,27.6,24.3817252281764,3.05619211944083,105.054980475141
KHM,2024,2429.74853452838,42335646895.7984,2.12746796594194,,52.4,24.1436022803452,2.79930761690278,77.693119885047
KIR,2024,2106.76000405677,279208903.337644,9.28307374517721,68.9,41.9,11.2568272545112,0.982419074926432,
KNA,2024,22573.6724791004,1055499777.77778,3.55711230848243,,1.5,8.5943079884613,3.73198169297233,
KOR,2024,33121.3712885508,1712792854202.37,2.32174328643542,0.5,3.6,25.9439899531653,12.6438403748222,106.143139142958
KWT,2024,33729.7985494456,163704878875.85,2.89855072463762,,0.1,53.7151434413218,34.5974179032517,179.066841142596
LAC,2024,10180.7055245454,6057469575864.84,4.63202285403356,,34.9291087228736,15.4743053040199,5.2078725802144,67.8889895892377
LAO,2024,2066.94979776957,15843155731.2552,23.1305695942588,70.5,49.2,22.3176670505669,5.48678909426271,99.6069005119529
LBN,2024,3654.35845534878,20992421948.8081,221.341644023365,1.7,6.8,19.2310172881236,4.27337488761136,53.812324236877
LBR,2024,771.887142089677,4240000000.0,10.0944535665552,88.9,92.8,42.3616590279287,0.825118227077182,
LBY,2024,6172.81246940233,45096462972.4014,2.12615766885025,,3.1,32.9707065002742,13.130889355772,221.646396002241
LCA,2024,13554.6651875402,2430148148.14815,4.07060821926204,8.4,9.7,23.7585855502375,2.51722118414814,
LCN,2024,10796.8623721014,7100142198622.08,4.63066263911662,25.2,33.9329422959945,15.6429987157206,5.32200137458615,67.9824670379839
LDC,2024,1306.23478492715,1516309568380.52,7.12697482131851,,70.9349084202493,35.8831468849027,1.49837519977747,94.4638253665001
LKA,2024,3827.96495637489,84356863743.6335,-0.42936004906973,49.3,48.8,19.9644408635608,1.74269637427962,35.7692062219731
LMY,2024,5658.54749596439,37533765909928.0,6.09114152504141,54.3,25.2624895725564,35.3460845675032,5.09841134666883,99.5980499527694
LSO,2024,916.282979328622,2117962450.79469,6.10544624245032,81.0,34.9,23.4391013240086,1.125646341379,
LTE,2024,12184.2070837954,28348483457826.9,5.9801225620013,,15.7680400930135,28.2336110044952,10.3020779016428,113.731653431085
LTU,2024,27786.0057829276,79789877416.1681,0.715735835228723,1.2,33.2,9.21893860360944,7.20288621092533,50.6969136338258
LUX,2024,128678.189942826,85755006123.5976,2.05113269954859,0.3,20.5,8.67476189540246,11.7955374157826,35.6873684615906
LVA,2024,22502.8429938094,42247850064.5125,1.26579885828729,2.1,44.0,11.6020322023647,5.83638934828983,61.777698796049
MAC,2024,67476.5290813306,45803067940.4072,0.476384495788075,,11.0,,4.59487330583382,
MAR,2024,3771.4462890625,144417103249.646,0.985256592004507,42.1,10.9,21.3212642117301,2.82670695038688,68.5367858805565
MDA,2024,6729.41286813969,16539436547.295,4.67773516007048,14.4,21.4,14.7583463021422,5.51000637566457,93.0348204428297
MDG,2024,506.159368687808,15790113246.7478,9.87432675044888,98.2,83.1,12.7535199510191,1.06266419608813,190.232022953071
MDV,2024,12530.3602359683,6590894301.9579,1.39979779674928,3.9,1.2,12.0123911668511,5.87078940063955,
MEA,2024,8499.84306394222,4320566779119.19,4.22535211267609,45.1,1.99565037758443,37.6093370276893,7.9502709100593,117.918458083685
MEX,2024,13790.0243428344,1789114434843.46,4.72225588452932,21.8,13.0,14.9923440243315,5.48869602879407,64.0276300656755
MHL,2024,6678.34239060448,259300000.0,,31.5,12.2,10.7256194470999,0.0695392381590131,
MIC,2024,6254.08764955685,36878123654872.8,6.0752438457966,,23.3864364958289,35.4060764804198,5.55529010636769,98.7030721135057
MKD,2024,8624.29360948531,15763621848.115,3.48974086026947,19.0,19.5,26.118651401474,6.22053861001326,64.8764750184439
MLI,2024,869.270234286992,20661794596.0873,3.20639864099652,85.9,71.1,56.7830489222988,1.91269540526247,
MLT,2024,40395.7692064458,22328640241.5553,5.09396758978883,0.8,8.6,11.7226648774147,3.67962196086094,25.2368964107871
MMR,2024,1233.19666209269,66757619000.0,8.82506696804558,68.2,62.9,32.3150340028667,2.12579394484754,74.6702041576302
MNA,2024,3797.10418034163,1671174615296.29,6.09114152504141,,2.92749471936677,36.399212253802,5.36167618557004,112.747140441533
MNG,2024,5838.63108083902,20325121393.9074,6.80284899332961,22.1,3.0,29.6547866481682,24.0451345749746,123.486442145356
MNP,2024,23785.754590043,1096000000.0,,,0.5,9.71463085081006,0.0642403030370157,
MOZ,2024,622.985619320596,20954220983.5473,7.12697482131851,96.1,76.9,20.0802484321177,1.00947936623462,242.869945391988
MRT,2024,2120.82320358953,10651709411.4594,4.95305034506872,68.0,19.6,70.8224442103687,3.2871068072278,
MUS,2024,11613.0441587588,14644524819.0054,4.10263226568006,13.5,8.6,9.15296880580014,4.91554200061695,44.1271938641431
MWI,2024,602.343619809252,12712150082.0792,32.1796504225025,97.3,62.9,23.6983194353464,0.934119112707907,
MYS,2024,11379.0861000632,399705169318.477,1.834100204499,2.3,7.5,16.1938532237922,9.26387972908503,89.3756967974716
NAC,2024,79640.4296229555,29871321614401.4,3.99766999081457,,12.5990512313246,7.68625047293451,17.8866069317531,89.9156052572751
NAM,2024,4168.28521087347,12351025066.9131,4.23903922877036,57.3,30.0,19.9945355710926,4.34872995972117,69.6048471131922
NCL,2024,33516.363085906,9623318718.31459,0.578317435520754,,9.6,,22.8178148825336,
NER,2024,642.937917863471,16819170420.5653,9.07151997725013,96.3,79.6,85.1223455605238,1.61828422139914,94.3488100998363
NGA,2024,1596.63696129001,363846332834.618,24.6595502031139,90.8,80.3,56.5313287289257,1.68995929028388,59.9802750559375
NIC,2024,2612.87066241288,17829218219.3591,4.62473841057141,42.1,50.4,16.809772538789,3.02307589835473,83.7955940785583
NLD,2024,64572.0059558854,1154361305398.06,3.34754304219953,0.3,12.2,10.8892498470498,8.43233279728493,48.087232549785
NOR,2024,87925.0944188399,485310823603.662,3.14530134431073,0.5,61.4,6.05589724673443,10.2755927338134,51.5205186696409
NPL,2024,1377.62603571292,40908073366.8455,7.11475951738199,44.1,73.7,45.7207706412594,1.91384875385146,109.155638276751
NRU,2024,12982.7612060515,154170289.321861,-0.124750499001971,61.7,1.9,6.06435493209495,0.101052631578947,
NZL,2024,48280.8114166238,252175506110.168,2.92279782301957,,28.9,6.48591499675774,16.1225708870211,74.9724423639591
OED,2024,46724.0157104114,64746562052056.7,5.67767862615429,,14.9035238849166,12.230107851958,10.339906772867,69.7517449142651
OMN,2024,21549.8368728192,108810923276.983,0.950782997762827,,0.1,39.5835768902765,25.2398911604828,145.351371246443
OSS,2024,16728.2675733784,241086470734.391,4.66165589454067,,34.0445543032787,21.1840575727963,9.47490910401512,
PAK,2024,1365.27743222493,337912301397.727,12.6325318530452,84.5,41.6,42.9981734249878,2.15096901573444,85.1791001521349
PAN,2024,18686.4050961265,83318176900.0,0.685197879812108,12.9,28.0,11.4700607490209,4.77300970965239,31.410115085988
PER,2024,7906.58502858,267603248655.253,2.00770739412712,32.2,30.6,27.0356284968814,2.77875566576316,53.1680032411079
PHL,2024,3804.8725797521,437146372729.942,3.21260487006347,55.3,28.0,20.2887417122616,2.22947625431257,58.2412762588087
PLW,2024,15899.4224911152,281849062.5,2.23172772921704,,0.9,7.32770979431049,84.7125853218255,
PNG,2024,2957.68262498549,30729242919.4411,0.602403921107917,,54.6,17.3105425567239,0.927944051932527,
POL,2024,22056.6661704127,809200697797.088,3.7842600751287,0.9,15.2,17.9583314936851,9.91606562621184,60.900112665714
PRE,2024,1453.26226755311,1566942319113.72,6.53322640452533,,73.8634177768668,40.7072055821173,1.78780865268782,100.031045788083
PRI,2024,36779.0594913858,117902300000.0,,,2.5,7.18841521712249,5.01108809301957,
PRT,2024,27331.2094945255,289114289663.542,2.41613187791884,1.7,32.3,8.45242266236737,5.01075138298916,44.4251548088679
PRY,2024,6276.35113919957,42956263543.9482,3.83540271728533,19.9,58.8,10.0891599097852,6.08178142313153,68.4825410882595
PSS,2024,4146.4362061875,11150695760.1484,7.92164684826777,,29.6534541062802,12.8773179905891,2.77745550389257,
PST,2024,54041.539692952,60485245420468.7,5.09396758978883,,14.5020753978714,11.0001508829467,11.2941929866757,72.0009430092309
PYF,2024,20738.6499971661,5814661208.90544,,,7.0,,4.88976159477515,
QAT,2024,80195.874646942,213002809330.267,1.26734310292375,0.0,0.0,75.6630329481338,58.125655112589,145.403918735157
ROU,2024,18404.2730871704,350775856415.189,-4.5191101423114,7.1,23.6,14.8501731264834,5.55379294470746,42.0461033497594
RUS,2024,13817.0458984375,2021421476035.42,6.69445891957612,2.0,3.5,11.2727775886895,18.5782611268203,143.910259609799
RWA,2024,1010.2689290184,14097768472.1883,1.77029240198635,92.2,79.9,31.2882654917538,0.536982018164644,129.067911480433
SAS,2024,2303.30291008899,4494987381110.1,6.38195135323062,78.8,37.8106319649424,46.761099733566,2.60222574447219,78.8497146908596
SAU,2024,32093.9622984711,1067582933333.33,1.68792112375817,,0.1,53.1486013629285,24.2048771096646,131.28779331292
SDN,2024,2183.44140625,109265503110.904,138.80846024176,86.2,61.0,45.8349025581217,2.77245927390421,131.472024903574
SEN,2024,1706.44218024762,30848333083.7055,5.93947798773215,75.6,35.4,63.7402211262202,1.59555157099905,74.7364844335727
SGP,2024,84734.2559206054,501427500080.059,2.36645846996694,,1.1,13.8691955865476,12.5539910450909,50.0524193541362
SLB,2024,2041.6364912646,1633319401.19414,5.88585897042164,88.5,50.1,13.9542830081778,0.900994368785195,
SLE,2024,757.85833603088,6411869546.28929,28.6337500014115,89.9,71.6,43.2210935036927,0.820009474603901,
SLV,2024,5391.06926181338,34015620000.0,0.853782292567288,27.5,21.9,20.0287144500145,2.06847507870517,69.4451970184166
SOM,2024,597.458854603159,10968517090.0004,,,95.4,24.525108218562,1.77028060123272,
SSA,2024,1621.26148130945,2042436971778.64,6.69759990789844,,70.5914308989386,38.1802309248681,1.88450796787577,107.397578929616
SSF,2024,1622.80705094435,2044578421949.78,6.34221743124953,87.3,70.5731786913503,38.1777310513302,1.88539948494327,107.397578929616
SST,2024,15086.0915547842,305546743662.392,4.81585792589553,,30.8015756102716,20.6105031903131,7.92014610450725,
STP,2024,2940.93352926715,678976264.835436,21.2589138473,79.7,42.5,27.3357522767854,1.31458693382885,
SUR,2024,5494.07409425517,3455146280.83975,16.2296159130279,17.5,14.5,27.3059698425997,5.94336652429852,92.7923328340501
SVK,2024,24491.3771867262,132908336234.295,2.75760909424272,2.4,17.9,15.3916194257365,8.25092044210705,81.7237153081171
SVN,2024,32610.110922729,69148468417.3208,1.96562656432512,0.1,23.4,14.2911527506818,7.54246364351903,60.1264150700818
SWE,2024,55516.836477474,584960475767.32,2.83581658224034,1.4,57.9,5.63670790600148,4.66167936775243,67.8013815293376
SWZ,2024,3610.60879677551,4442875788.08505,2.59801620311077,78.1,64.7,18.7831211422857,2.67337176738675,98.4507719653982
SYC,2024,17879.2396545075,2141450171.13932,0.311726050919668,6.7,1.9,8.49983857722866,11.1769764471125,
SYR,2024,1051.67149587463,23622827079.5047,13.4175653228571,96.0,1.1,24.7058382627422,1.74660981020972,102.030754167448
TCA,2024,30348.8114409139,1402054390.94734,,,0.8,,2.38754924455604,
TCD,2024,680.639877912029,13149325362.3347,8.89950732263761,88.8,70.0,49.1388484128027,4.936952432064,117.589255242746
TEA,2024,10011.9941315998,21136712800814.7,5.93194206291786,,16.1221610096023,30.4069592021401,8.99958971534435,115.785787844641
TEC,2024,11977.3398758875,5497903850286.88,9.4023569492879,,8.04684136612882,17.9074788393623,11.0172806673664,104.460903190496
TGO,2024,985.697512629974,9171261837.57103,5.48928568141124,86.8,75.1,51.6661369398223,1.14064011224013,159.7899729992
THA,2024,7182.02525812415,514968699239.005,1.22802623546169,12.2,19.0,31.0072016277159,6.14739234448593,89.5455233867507
TJK,2024,1160.81187026311,12060602008.8478,6.00458082322139,66.4,34.9,37.0534062306267,2.06337966692137,89.0410073099036
TKM,2024,8232.65225980002,60628857142.8571,,,0.1,19.5997611438189,13.4150223004118,328.608940522236
TLA,2024,10553.7109939929,6779682191342.68,4.63202285403356,,34.2376570603295,15.5869189205524,5.35486945265558,67.9317714129179
TLS,2024,1502.51963828284,2079916900.0,2.06284153005468,94.6,11.4,17.4104661970888,1.44998938080715,
TMN,2024,3802.1797249029,1653767249808.37,7.70665764216232,,2.86370722475953,36.5157423689445,5.36167618557004,112.747140441533
TON,2024,4933.07479143113,518180042.241509,3.18364611260058,21.5,2.3,12.4784129504796,3.27064829775233,
TSA,2024,2303.30291008899,4494987381110.1,6.38195135323062,,37.8106319649424,46.761099733566,2.60222574447219,78.8497146908597
TSS,2024,1622.80705094435,2044578421949.78,6.34221743124953,,70.5731786913503,38.1777310513302,1.88539948494327,107.397578929616
TTO,2024,20016.1503008736,27372285697.9477,0.526884625776839,,0.5,25.6022583642289,24.9994515579411,352.402679769354
TUN,2024,3977.69516639644,48529595416.6533,7.20661657168794,16.2,11.6,24.1829826735327,3.57188200974211,75.6838307837695
TUR,2024,13105.6585678319,1118252964260.77,58.5064507300343,7.6,12.0,21.6120469179783,7.10721408190344,54.0435257605617
TUV,2024,6344.7750188689,62280311.5852172,0.5005807431527,56.6,5.2,5.91780105591262,0.407497962510187,
TZA,2024,1224.48962402344,79062403820.892,3.05694676312373,92.3,78.3,25.081431153535,1.34822317091371,117.829385763782
UGA,2024,1002.30913917142,48768955863.3175,3.3233806708656,91.1,90.9,33.8077192571642,1.09689125222701,177.188352399151
UKR,2024,5069.703125,178757021965.008,6.50198464669254,7.1,8.9,14.90010098879,5.72691647137257,115.240685215346
URY,2024,22797.8111731861,77240830877.4597,4.84914366613156,6.4,57.8,10.5717923259135,12.2884016055106,52.6575161149069
USA,2024,82769.4122114216,27720709000000.0,2.94952520485207,2.0,10.9,7.81485752365112,17.7979674508057,86.1970809766329
UZB,2024,2849.51461071911,101591769702.343,9.62825465956682,17.3,1.0,31.9604294559849,6.01732168411991,143.824680474112
VCT,2024,10520.4441534791,1065962962.96296,3.62770736940927,,5.1,23.9262758481858,1.48830966315644,
VEN,2024,15943.6127197163,482359318767.703,254.948534781816,,33.7,15.2565796212874,5.3846396296027,
VIR,2024,44320.909185774,4672000000.0,,,5.9,8.63342756669479,0.232564789309645,
VNM,2024,4282.08851724506,429716969043.572,3.62109273885843,19.7,24.2,20.8010641731194,5.22294022237202,79.1211805068117
VUT,2024,3515.23633611798,1126313359.21923,11.1825017088175,76.1,25.0,14.0824115364695,2.09170154396412,
WSM,2024,4330.17840531329,938189443.830393,2.17245530514377,43.3,35.9,12.5518952802963,2.98205046546942,
YEM,2024,477.409028678688,21606160783.9845,8.10472583623915,85.4,3.7,34.8323598356099,0.81853886741419,
ZAF,2024,6022.5425418935,380699271814.508,4.36115246518962,61.6,9.7,23.753069242361,8.25970271901152,143.469642341911
ZMB,2024,1330.72780576709,27577956471.244,10.884531691282,93.2,83.0,24.3085919008655,1.47097333931996,223.332559833109
ZWE,2024,2156.0340040333,35231367885.8554,104.705170628667,85.0,82.4,19.4941796611344,1.89827047868216,125.36009329803
